NMCG225992,NMCG226104,NMCG226105,NMCG226106,NMCG224004,NMCG224005,NMCG227259,NMCG226969
TT,CC,TT,TT,TT,TT,TC,TC
TT,GG,GG,GG,TG,GG,GG,GG
N/A,N/A,N/A,N/A,N/A,N/A,N/A,N/A
N/A,N/A,N/A,N/A,N/A,N/A,N/A,N/A
AC,AA,AC,AA,AA,AC,AA,AA
TT,TT,TT,TT,TT,TT,TC,TT
TT,TT,TT,TT,TT,TC,TT,TT
TT,TT,TT,TT,TT,TC,TT,TT
TT,TG,TG,GG,TG,TG,TG,TG
TT,TG,TT,TT,TG,TT,TG,TG
TT,TT,TC,TC,TC,TT,TT,TT
AA,AG,AG,AG,AG,AA,AG,AG
AC,CC,CC,CC,CC,AC,CC,CC
TC,TT,TT,TT,TT,TT,TT,TT
TC,TT,CC,CC,TC,CC,TT,TC
AA,AA,AG,AA,AG,AA,AG,AA
TT,TC,TC,TC,TC,TT,TT,TT
TA,TA,AA,TA,TT,TA,AA,AA
AA,GG,AG,AA,GG,GG,AG,AG
AA,GG,GG,GG,AG,GG,AG,GG
TT,TG,TG,TG,TG,TG,TG,TG
N/A,N/A,N/A,N/A,N/A,N/A,N/A,N/A
TT,TT,TC,TT,TC,TC,TC,TT
TC,TT,TT,TC,TC,CC,TC,TT
TC,TT,TC,TC,TC,TT,TT,TT
TC,CC,CC,CC,TC,TC,CC,CC
TC,TT,TT,TT,TT,TC,TT,TT
N/A,N/A,N/A,N/A,N/A,N/A,N/A,N/A
TT,TT,TC,TC,TT,TC,CC,TC
TT,GG,TT,TT,TG,TG,GG,TG
AA,AC,CC,AC,AC,CC,AA,AC
AG,GG,AG,GG,AG,GG,AG,GG
TT,TT,TC,TT,TC,TT,TC,TT
AA,GG,GG,GG,AG,AG,GG,GG
AA,AC,AC,AC,AA,AC,AA,AA
AA,AA,AA,AA,AA,AA,AA,AA
N/A,N/A,N/A,N/A,N/A,N/A,N/A,N/A
TC,TT,TT,TT,TC,TT,TT,TT
AA,GG,AA,AA,AA,AG,AG,AG
N/A,N/A,N/A,N/A,N/A,N/A,N/A,N/A
TT,CC,TC,TC,TC,CC,CC,TC
AA,AA,AA,AA,AG,AG,AA,AA
AA,GG,GG,GG,AG,GG,GG,GG
N/A,N/A,N/A,N/A,N/A,N/A,N/A,N/A
AA,AA,GG,AG,AG,AG,AA,AA
TT,CC,CC,CC,CC,CC,CC,CC
AA,AA,CC,AC,AC,AC,AC,AA
AA,AA,GG,GG,AG,AG,GG,AG
AA,GG,AA,AA,AA,AA,AG,AG
AA,AC,CC,AC,AC,CC,AA,AC
AA,GG,GG,GG,AG,GG,AA,GG
TT,CC,TC,TC,TC,TC,CC,CC
N/A,N/A,N/A,N/A,N/A,N/A,N/A,N/A
TT,CC,CC,TC,TC,CC,TC,TC
N/A,N/A,N/A,N/A,N/A,N/A,N/A,N/A
TT,TC,TT,TT,TC,TC,TC,TC
AC,AC,AC,CC,AC,CC,AC,CC
AA,AG,AG,AG,GG,GG,AA,AG
AA,AG,AA,AA,AA,AG,AA,AG
TT,TC,TT,TC,TC,TC,CC,TT
TT,TT,TC,CC,TC,TC,TT,TC
AA,AA,AA,AA,AA,AA,AA,AA
AA,GG,GG,GG,AG,GG,GG,GG
N/A,N/A,N/A,N/A,N/A,N/A,N/A,N/A
AA,AG,AG,AG,AG,GG,GG,GG
AA,AG,AG,AG,AG,AG,GG,AG
AA,GG,GG,GG,GG,GG,AG,GG
TT,CC,TC,CC,TC,CC,CC,CC
N/A,N/A,N/A,N/A,N/A,N/A,N/A,N/A
AA,GG,AA,AG,AG,AG,GG,GG
TT,GG,TT,TT,TG,TG,GG,TG
N/A,N/A,N/A,N/A,N/A,N/A,N/A,N/A
TC,CC,CC,CC,TC,CC,CC,CC
N/A,N/A,N/A,N/A,N/A,N/A,N/A,N/A
TT,TT,TT,TT,TT,TC,CC,TT
N/A,N/A,N/A,N/A,N/A,N/A,N/A,N/A
TT,TC,TT,TT,TT,TT,TT,TC
TT,TG,TG,TG,TG,TG,TG,TG
AT,AT,AT,AA,TT,AT,TT,AT
TT,TT,TT,TT,TT,TT,TG,TT
AA,AG,GG,AG,AG,AG,GG,AA
AG,AG,AG,AA,AG,GG,GG,AA
TT,CC,CC,CC,TC,CC,CC,CC
AA,GG,GG,GG,AG,AG,GG,GG
GC,GC,GC,CC,GC,GC,GC,CC
AA,AG,AG,GG,GG,AA,AG,AG
TT,GG,TG,TG,TG,TT,GG,TG
AA,AA,AG,GG,AA,AG,AG,AG
TC,TT,TC,CC,TC,TT,TC,TC
CG,CC,CG,CC,CC,CC,CC,CC
AA,GG,GG,AG,AG,AA,GG,GG
TT,TC,TC,TC,CC,CC,CC,TC
AA,GG,GG,GG,AA,GG,GG,GG
AG,AG,GG,GG,AG,AA,AG,GG
N/A,N/A,N/A,N/A,N/A,N/A,N/A,N/A
N/A,N/A,N/A,N/A,N/A,N/A,N/A,N/A
N/A,N/A,N/A,N/A,N/A,N/A,N/A,N/A
AA,AA,AA,AA,AA,AA,AA,AA
N/A,N/A,N/A,N/A,N/A,N/A,N/A,N/A
N/A,N/A,N/A,N/A,N/A,N/A,N/A,N/A
TT,TC,CC,TC,TC,TT,TT,TC
TT,TC,TC,TC,TC,TC,TC,TC
N/A,N/A,N/A,N/A,N/A,N/A,N/A,N/A
N/A,N/A,N/A,N/A,N/A,N/A,N/A,N/A
N/A,N/A,N/A,N/A,N/A,N/A,N/A,N/A
N/A,N/A,N/A,N/A,N/A,N/A,N/A,N/A
N/A,N/A,N/A,N/A,N/A,N/A,N/A,N/A
N/A,N/A,N/A,N/A,N/A,N/A,N/A,N/A
N/A,N/A,N/A,N/A,N/A,N/A,N/A,TT
AG,AG,AG,GG,AG,GG,GG,AG
N/A,N/A,N/A,N/A,N/A,N/A,N/A,N/A
TC,TC,TT,TC,TT,TT,TC,TT
AA,AG,AG,AG,AG,AG,GG,AG
TT,CC,CC,CC,CC,CC,CC,CC
AG,AA,AG,AG,AG,AA,AA,AA
TT,TG,TG,TG,TG,TG,TG,TG
GC,GC,GC,GG,CC,CC,GG,GC
TT,TC,TT,TT,TT,TT,TT,TC
TT,TT,TT,TT,TT,TT,TG,TT
TC,TT,TT,TT,TT,TC,TT,TT
TC,TT,TC,CC,TC,TT,TC,TC
N/A,N/A,N/A,N/A,N/A,N/A,N/A,N/A
N/A,N/A,N/A,N/A,N/A,N/A,N/A,N/A
N/A,N/A,N/A,N/A,N/A,N/A,N/A,N/A
N/A,N/A,N/A,N/A,N/A,N/A,N/A,N/A
GC,GC,GC,CC,GC,GC,GC,CC
AG,AG,GG,AG,AG,GG,GG,AG
N/A,N/A,N/A,N/A,N/A,N/A,N/A,CC
N/A,N/A,N/A,N/A,N/A,N/A,N/A,N/A
N/A,N/A,N/A,N/A,N/A,N/A,N/A,N/A
TT,TT,TC,TC,TT,TC,TT,TC
N/A,N/A,N/A,N/A,N/A,N/A,N/A,N/A
TT,TT,TT,TT,TT,TC,CC,TT
N/A,N/A,N/A,N/A,N/A,N/A,N/A,N/A
N/A,N/A,N/A,N/A,N/A,N/A,N/A,N/A
N/A,N/A,N/A,N/A,N/A,N/A,N/A,N/A
N/A,N/A,N/A,N/A,N/A,N/A,N/A,CC
N/A,N/A,N/A,N/A,N/A,N/A,N/A,N/A
AA,GG,GG,GG,AG,GG,GG,GG
N/A,N/A,N/A,N/A,N/A,N/A,N/A,N/A
TC,CC,CC,TC,TC,CC,TC,TC
N/A,N/A,N/A,N/A,N/A,N/A,N/A,N/A
TT,TT,TT,TT,TT,TT,TT,TT
N/A,N/A,N/A,N/A,N/A,N/A,N/A,N/A
N/A,N/A,N/A,N/A,N/A,N/A,N/A,N/A
AG,AA,AG,AA,AG,AG,AA,AA
N/A,N/A,N/A,N/A,N/A,N/A,N/A,N/A
N/A,N/A,N/A,N/A,N/A,N/A,N/A,N/A
N/A,N/A,N/A,N/A,N/A,N/A,N/A,N/A
N/A,N/A,N/A,N/A,N/A,N/A,N/A,N/A
N/A,N/A,N/A,N/A,N/A,N/A,N/A,N/A
N/A,N/A,N/A,N/A,N/A,N/A,N/A,N/A
N/A,N/A,N/A,N/A,N/A,N/A,N/A,N/A
N/A,N/A,N/A,N/A,N/A,N/A,N/A,N/A
N/A,N/A,N/A,N/A,N/A,N/A,N/A,N/A
N/A,N/A,N/A,N/A,N/A,N/A,N/A,N/A
N/A,N/A,N/A,N/A,N/A,N/A,N/A,N/A
N/A,N/A,N/A,N/A,N/A,N/A,N/A,N/A
N/A,N/A,N/A,N/A,N/A,N/A,N/A,N/A
N/A,N/A,N/A,N/A,N/A,N/A,N/A,N/A
N/A,N/A,N/A,N/A,N/A,N/A,N/A,N/A
N/A,N/A,N/A,N/A,N/A,N/A,N/A,N/A
TT,CC,CC,CC,TC,CC,CC,CC
N/A,N/A,N/A,N/A,N/A,N/A,N/A,N/A
N/A,N/A,N/A,N/A,N/A,N/A,N/A,N/A
N/A,N/A,N/A,N/A,N/A,N/A,N/A,N/A
AA,AG,AA,AA,AA,AA,AA,AA
N/A,N/A,N/A,N/A,N/A,N/A,N/A,N/A
N/A,N/A,N/A,N/A,N/A,N/A,N/A,N/A
TT,TC,CC,CC,TC,TC,CC,TC
N/A,N/A,N/A,N/A,N/A,N/A,N/A,N/A
TT,TC,TC,CC,TC,TC,CC,CC
TC,TC,TC,TC,TC,CC,CC,CC
